08/08/2023 09:00,Uppingham,Benjamin Moyer,"Regular Flavoured hot chocolate - Vanilla - 2.60, Regular Flavoured hot chocolate - Vanilla - 2.60",5.2,CASH,
08/08/2023 09:01,Uppingham,Angela Tran,Regular Speciality Tea - Green - 1.30,1.3,CARD,5195359195933485
08/08/2023 09:02,Uppingham,Alfred Reid,Large Flavoured latte - Caramel - 2.85,2.85,CARD,5944047325906952
08/08/2023 09:03,Uppingham,Rosetta Gamez,Large Speciality Tea - Peppermint - 1.60,1.6,CARD,3757899884828622
08/08/2023 09:04,Uppingham,Diane Natalie,"Large Flavoured latte - Hazelnut - 2.85, Large Hot chocolate - 2.90, Large Flavoured latte - Caramel - 2.85",8.6,CARD,8550447073259263
08/08/2023 09:05,Uppingham,Andrew Finney,Regular Speciality Tea - Peppermint - 1.30,1.3,CARD,5554579179472810
08/08/2023 09:06,Uppingham,Bette Ragan,Large Mocha - 2.70,2.7,CARD,4419650536031918
08/08/2023 09:07,Uppingham,Barb Rogers,"Regular Speciality Tea - Peppermint - 1.30, Large Speciality Tea - Green - 1.60, Regular Smoothies - Berry Beautiful - 2.00",4.9,CARD,4194909548204948
08/08/2023 09:08,Uppingham,Lupe Clayton,"Large Smoothies - Berry Beautiful - 2.50, Large Flavoured latte - Hazelnut - 2.85",5.35,CARD,9377404758807792
08/08/2023 09:09,Uppingham,Gerald Kent,"Regular Speciality Tea - Peppermint - 1.30, Regular Hot chocolate - 2.20, Regular Flavoured latte - Hazelnut - 2.55",6.05,CASH,
08/08/2023 09:10,Uppingham,Kenneth Burgess,"Regular Flavoured latte - Caramel - 2.55, Regular Mocha - 2.30, Regular Flavoured hot chocolate - Vanilla - 2.60, Large Hot chocolate - 2.90, Large Mocha - 2.70",13.05,CARD,6243049938597693
08/08/2023 09:11,Uppingham,Thomas Bissonnette,"Regular Flavoured hot chocolate - Vanilla - 2.60, Large Flavoured latte - Caramel - 2.85, Regular Hot chocolate - 2.20, Large Smoothies - Berry Beautiful - 2.50, Regular Flavoured latte - Caramel - 2.55",12.7,CARD,8529562779621599
08/08/2023 09:12,Uppingham,Vincent Mason,"Large Flavoured latte - Caramel - 2.85, Large Speciality Tea - Green - 1.60",4.45,CARD,5975683223149920
08/08/2023 09:13,Uppingham,Carole Brothers,Large Flavoured latte - Hazelnut - 2.85,2.85,CASH,
08/08/2023 09:14,Uppingham,Mary Irish,"Regular Flavoured hot chocolate - Vanilla - 2.60, Large Mocha - 2.70, Large Speciality Tea - Green - 1.60, Regular Flavoured latte - Caramel - 2.55, Large Red Label tea - 1.80",11.25,CARD,2004439217717392
08/08/2023 09:15,Uppingham,Fred Estrada,"Regular Hot chocolate - 2.20, Regular Hot chocolate - 2.20",4.4,CASH,
08/08/2023 09:16,Uppingham,Rufus Phelps,Large Flavoured latte - Hazelnut - 2.85,2.85,CARD,6646406181587083
08/08/2023 09:17,Uppingham,Kathrine Mcmillan,Regular Red Label tea - 1.20,1.2,CASH,
08/08/2023 09:18,Uppingham,Dorothy Fowler,"Regular Speciality Tea - Green - 1.30, Large Speciality Tea - Peppermint - 1.60, Regular Flavoured latte - Hazelnut - 2.55",5.45,CARD,6354318167833096
08/08/2023 09:19,Uppingham,Gordon Ye,"Regular Speciality Tea - Peppermint - 1.30, Large Hot chocolate - 2.90, Large Flavoured latte - Hazelnut - 2.85, Regular Hot chocolate - 2.20",9.25,CARD,5884120664860757
08/08/2023 09:20,Uppingham,Todd Lambert,"Regular Cortado - 2.05, Regular Speciality Tea - Green - 1.30, Regular Flavoured latte - Caramel - 2.55",5.9,CASH,
08/08/2023 09:21,Uppingham,Thomas Kozlowski,"Large Speciality Tea - Green - 1.60, Large Mocha - 2.70, Large Hot chocolate - 2.90",7.2,CARD,1457999271751922
08/08/2023 09:22,Uppingham,Samantha Carter,"Regular Cortado - 2.05, Regular Hot chocolate - 2.20, Large Flavoured hot chocolate - Vanilla - 2.90",7.15,CARD,7377569206412255
08/08/2023 09:23,Uppingham,Ashley Wilson,"Regular Red Label tea - 1.20, Large Flavoured hot chocolate - Vanilla - 2.90, Regular Speciality Tea - Peppermint - 1.30",5.4,CARD,3882523386334338
08/08/2023 09:24,Uppingham,Amber Higgins,"Large Speciality Tea - Peppermint - 1.60, Regular Cortado - 2.05",3.65,CARD,6416813235915646
08/08/2023 09:25,Uppingham,Charles Mcquaid,"Large Speciality Tea - Green - 1.60, Large Hot chocolate - 2.90",4.5,CARD,9261351048576687
08/08/2023 09:26,Uppingham,Shane Lewis,"Regular Flavoured latte - Caramel - 2.55, Regular Smoothies - Berry Beautiful - 2.00, Large Speciality Tea - Green - 1.60",6.15,CARD,5128005737750430
08/08/2023 09:27,Uppingham,Kathy Cummings,Regular Cortado - 2.05,2.05,CARD,4280221341297582
08/08/2023 09:28,Uppingham,Mary Miracle,"Large Speciality Tea - Green - 1.60, Regular Cortado - 2.05, Regular Hot chocolate - 2.20, Regular Mocha - 2.30",8.15,CARD,1031222935863132
08/08/2023 09:29,Uppingham,Tracy Thompson,"Regular Flavoured hot chocolate - Vanilla - 2.60, Regular Speciality Tea - Peppermint - 1.30, Large Mocha - 2.70, Regular Speciality Tea - Green - 1.30, Large Smoothies - Berry Beautiful - 2.50, Regular Speciality Tea - Green - 1.30",11.7,CARD,1067839546303279
08/08/2023 09:30,Uppingham,Juanita Higginbotham,"Regular Mocha - 2.30, Regular Flavoured hot chocolate - Vanilla - 2.60",4.9,CARD,4005841066499228
08/08/2023 09:31,Uppingham,Arturo Cosenza,"Regular Speciality Tea - Green - 1.30, Regular Flavoured latte - Hazelnut - 2.55, Large Speciality Tea - Peppermint - 1.60, Regular Mocha - 2.30",7.75,CASH,
08/08/2023 09:32,Uppingham,Latricia Roesler,Large Cortado - 2.35,2.35,CARD,8026487257719392
08/08/2023 09:33,Uppingham,Mario Spencer,"Large Cortado - 2.35, Large Mocha - 2.70, Regular Flavoured latte - Hazelnut - 2.55, Regular Red Label tea - 1.20, Large Smoothies - Berry Beautiful - 2.50, Regular Red Label tea - 1.20",12.5,CARD,2515154540690443
08/08/2023 09:34,Uppingham,Pedro Parker,Large Smoothies - Berry Beautiful - 2.50,2.5,CASH,
08/08/2023 09:35,Uppingham,Billie Ortega,Regular Flavoured latte - Caramel - 2.55,2.55,CARD,8584211418230549
08/08/2023 09:36,Uppingham,Carrie Franklin,"Regular Speciality Tea - Green - 1.30, Regular Mocha - 2.30, Regular Mocha - 2.30",5.9,CARD,9024118802019779
08/08/2023 09:37,Uppingham,Jo Velasco,"Large Hot chocolate - 2.90, Regular Flavoured latte - Caramel - 2.55",5.45,CARD,8061544309101465
08/08/2023 09:38,Uppingham,John Hathcock,"Regular Cortado - 2.05, Regular Flavoured hot chocolate - Vanilla - 2.60, Regular Cortado - 2.05, Regular Smoothies - Berry Beautiful - 2.00",8.7,CARD,6443331600516152
08/08/2023 09:39,Uppingham,Ryan Harris,Regular Cortado - 2.05,2.05,CARD,2701385052344012
08/08/2023 09:40,Uppingham,Alice Stephens,"Regular Flavoured latte - Caramel - 2.55, Large Flavoured latte - Caramel - 2.85, Regular Speciality Tea - Peppermint - 1.30, Large Speciality Tea - Green - 1.60",8.3,CASH,
08/08/2023 09:41,Uppingham,Annemarie Mccombs,"Large Speciality Tea - Green - 1.60, Regular Smoothies - Berry Beautiful - 2.00, Large Speciality Tea - Peppermint - 1.60, Regular Speciality Tea - Green - 1.30",6.5,CARD,2902577540530933
08/08/2023 09:42,Uppingham,Dung Mccarville,"Large Red Label tea - 1.80, Regular Speciality Tea - Peppermint - 1.30",3.1,CASH,
08/08/2023 09:43,Uppingham,Eugene Zuchelkowski,Regular Speciality Tea - Green - 1.30,1.3,CARD,1790657591764105
08/08/2023 09:44,Uppingham,Marvin Smith,"Large Speciality Tea - Green - 1.60, Large Speciality Tea - Green - 1.60",3.2,CARD,2028689085508087
08/08/2023 09:45,Uppingham,Delmar Layman,Large Mocha - 2.70,2.7,CARD,4132665989823645
08/08/2023 09:46,Uppingham,Verna Tannehill,"Regular Speciality Tea - Green - 1.30, Regular Hot chocolate - 2.20, Regular Cortado - 2.05",5.55,CARD,7655487838967402
08/08/2023 09:47,Uppingham,Harold Ferrier,"Large Cortado - 2.35, Regular Smoothies - Berry Beautiful - 2.00, Large Red Label tea - 1.80, Large Flavoured latte - Hazelnut - 2.85",9.0,CASH,
08/08/2023 09:48,Uppingham,Maria Gaccione,"Large Speciality Tea - Peppermint - 1.60, Large Flavoured latte - Caramel - 2.85",4.45,CARD,4111594963909390
08/08/2023 09:49,Uppingham,Theresa Speas,"Large Red Label tea - 1.80, Regular Speciality Tea - Green - 1.30, Regular Hot chocolate - 2.20",5.3,CARD,8375046178791165
08/08/2023 09:50,Uppingham,Robert Chambers,"Regular Speciality Tea - Peppermint - 1.30, Regular Flavoured latte - Hazelnut - 2.55, Large Cortado - 2.35",6.2,CARD,8727678111798888
08/08/2023 09:51,Uppingham,Charlotte Duffy,Regular Mocha - 2.30,2.3,CARD,5073697287290088
08/08/2023 09:52,Uppingham,Peggy Hamilton,"Large Flavoured latte - Hazelnut - 2.85, Large Red Label tea - 1.80",4.65,CARD,7278875288884467
08/08/2023 09:53,Uppingham,Michael Kellum,"Large Smoothies - Berry Beautiful - 2.50, Large Flavoured latte - Caramel - 2.85, Large Flavoured latte - Hazelnut - 2.85, Regular Red Label tea - 1.20, Regular Red Label tea - 1.20",10.6,CARD,7046241225711545
08/08/2023 09:54,Uppingham,Michael Bade,Large Flavoured latte - Hazelnut - 2.85,2.85,CASH,
08/08/2023 09:55,Uppingham,Brian Hankins,"Large Smoothies - Berry Beautiful - 2.50, Regular Hot chocolate - 2.20, Regular Flavoured latte - Caramel - 2.55",7.25,CARD,5403169553306311
08/08/2023 09:56,Uppingham,Ana Rayborn,"Regular Hot chocolate - 2.20, Regular Cortado - 2.05, Regular Hot chocolate - 2.20",6.45,CARD,1185557674051573
08/08/2023 09:57,Uppingham,Richard Olson,"Regular Flavoured latte - Hazelnut - 2.55, Large Flavoured latte - Hazelnut - 2.85, Large Flavoured latte - Hazelnut - 2.85, Large Mocha - 2.70",10.95,CARD,2935032582429416
08/08/2023 09:58,Uppingham,Summer Bibbins,Regular Mocha - 2.30,2.3,CARD,9518368174651115
08/08/2023 09:59,Uppingham,Robert Mcclure,Regular Flavoured latte - Hazelnut - 2.55,2.55,CARD,2752256476281302
08/08/2023 10:01,Uppingham,Shawn Gibby,Large Speciality Tea - Green - 1.60,1.6,CASH,
08/08/2023 10:02,Uppingham,Albert Alexander,"Regular Cortado - 2.05, Regular Flavoured latte - Hazelnut - 2.55, Regular Hot chocolate - 2.20, Large Flavoured hot chocolate - Vanilla - 2.90, Regular Hot chocolate - 2.20",11.9,CARD,1592487334754218
08/08/2023 10:03,Uppingham,John Chew,"Regular Hot chocolate - 2.20, Large Red Label tea - 1.80, Large Mocha - 2.70, Regular Flavoured latte - Hazelnut - 2.55, Regular Flavoured hot chocolate - Vanilla - 2.60, Regular Red Label tea - 1.20",13.05,CASH,
08/08/2023 10:04,Uppingham,Robert Gray,Large Flavoured latte - Caramel - 2.85,2.85,CARD,7515982319227334
08/08/2023 10:06,Uppingham,Kenneth Richardson,Regular Smoothies - Berry Beautiful - 2.00,2.0,CASH,
08/08/2023 10:07,Uppingham,Lora Emberton,"Large Mocha - 2.70, Large Hot chocolate - 2.90",5.6,CARD,1712938046224456
08/08/2023 10:08,Uppingham,James Rider,"Regular Cortado - 2.05, Regular Cortado - 2.05",4.1,CASH,
08/08/2023 10:09,Uppingham,Tonya Mapp,"Large Smoothies - Berry Beautiful - 2.50, Regular Smoothies - Berry Beautiful - 2.00, Regular Flavoured latte - Caramel - 2.55",7.05,CARD,9351053140728223
08/08/2023 10:11,Uppingham,Douglas Velazquez,"Regular Smoothies - Berry Beautiful - 2.00, Regular Smoothies - Berry Beautiful - 2.00, Regular Cortado - 2.05",6.05,CARD,4084331923297120
08/08/2023 10:12,Uppingham,Richard Chester,"Large Flavoured latte - Caramel - 2.85, Large Speciality Tea - Green - 1.60, Large Flavoured latte - Hazelnut - 2.85",7.3,CARD,6572928620019941
08/08/2023 10:13,Uppingham,Mitsue Cruce,Regular Speciality Tea - Green - 1.30,1.3,CARD,2348283468166761
08/08/2023 10:14,Uppingham,Joan Bailey,Large Hot chocolate - 2.90,2.9,CARD,3190829822974065
08/08/2023 10:16,Uppingham,Jordan Turner,"Regular Flavoured latte - Hazelnut - 2.55, Large Hot chocolate - 2.90, Regular Speciality Tea - Peppermint - 1.30",6.75,CASH,
08/08/2023 10:17,Uppingham,Barbara Evans,"Regular Smoothies - Berry Beautiful - 2.00, Large Hot chocolate - 2.90, Regular Speciality Tea - Green - 1.30, Large Cortado - 2.35",8.55,CARD,2223520380570831
08/08/2023 10:18,Uppingham,Ingrid Stallworth,"Large Speciality Tea - Green - 1.60, Large Speciality Tea - Peppermint - 1.60, Large Flavoured hot chocolate - Vanilla - 2.90",6.1,CARD,1014869250365635
08/08/2023 10:19,Uppingham,Shirley Kafer,"Large Flavoured latte - Hazelnut - 2.85, Regular Flavoured latte - Caramel - 2.55, Regular Red Label tea - 1.20",6.6,CARD,5763988422124484
08/08/2023 10:21,Uppingham,Eric Everson,"Large Mocha - 2.70, Large Smoothies - Berry Beautiful - 2.50",5.2,CARD,6740435758872367
08/08/2023 10:22,Uppingham,Wm Whittlesey,"Regular Cortado - 2.05, Regular Cortado - 2.05, Large Mocha - 2.70, Regular Hot chocolate - 2.20",9.0,CARD,2960347046845663
08/08/2023 10:23,Uppingham,Nelson Sanchez,"Regular Mocha - 2.30, Large Flavoured hot chocolate - Vanilla - 2.90, Regular Flavoured latte - Caramel - 2.55, Large Smoothies - Berry Beautiful - 2.50",10.25,CASH,
08/08/2023 10:24,Uppingham,Ashley Lynch,"Regular Speciality Tea - Peppermint - 1.30, Regular Speciality Tea - Green - 1.30, Large Mocha - 2.70, Large Cortado - 2.35",7.65,CARD,7724894637021059
08/08/2023 10:26,Uppingham,Norma Phillips,"Large Flavoured latte - Hazelnut - 2.85, Large Red Label tea - 1.80, Large Speciality Tea - Green - 1.60, Regular Red Label tea - 1.20, Large Smoothies - Berry Beautiful - 2.50",9.95,CASH,
08/08/2023 10:27,Uppingham,Bernice Paul,"Regular Flavoured latte - Caramel - 2.55, Large Speciality Tea - Green - 1.60, Regular Flavoured latte - Caramel - 2.55, Regular Smoothies - Berry Beautiful - 2.00",8.7,CASH,
08/08/2023 10:28,Uppingham,Cindy Derrick,"Large Speciality Tea - Green - 1.60, Regular Cortado - 2.05",3.65,CASH,
08/08/2023 10:29,Uppingham,James Veliz,Large Flavoured latte - Caramel - 2.85,2.85,CARD,9152290425850900
08/08/2023 10:31,Uppingham,Louis Havenhill,"Regular Smoothies - Berry Beautiful - 2.00, Regular Speciality Tea - Peppermint - 1.30",3.3,CARD,6752870618413691
08/08/2023 10:32,Uppingham,Alex Smith,"Large Flavoured latte - Hazelnut - 2.85, Regular Hot chocolate - 2.20, Large Red Label tea - 1.80",6.85,CARD,4241663470231079
08/08/2023 10:33,Uppingham,Catherine Prine,"Regular Flavoured latte - Hazelnut - 2.55, Regular Hot chocolate - 2.20",4.75,CARD,7978457652551051
08/08/2023 10:34,Uppingham,Megan Roberts,Large Red Label tea - 1.80,1.8,CARD,8021909193579158
08/08/2023 10:36,Uppingham,Christina Gullett,"Large Speciality Tea - Peppermint - 1.60, Large Red Label tea - 1.80",3.4,CARD,7656363202769602
08/08/2023 10:37,Uppingham,Bobby Alfieri,Large Speciality Tea - Peppermint - 1.60,1.6,CARD,2496240447437311
08/08/2023 10:38,Uppingham,Phillip Barta,"Regular Speciality Tea - Peppermint - 1.30, Large Speciality Tea - Green - 1.60, Regular Mocha - 2.30, Regular Mocha - 2.30",7.5,CARD,1691947410456375
08/08/2023 10:39,Uppingham,Rhonda Smith,"Large Hot chocolate - 2.90, Large Hot chocolate - 2.90, Large Speciality Tea - Green - 1.60, Regular Hot chocolate - 2.20, Large Cortado - 2.35, Large Hot chocolate - 2.90",14.85,CARD,9321647397361866
08/08/2023 10:41,Uppingham,Thomas Lunsford,"Regular Cortado - 2.05, Large Flavoured latte - Hazelnut - 2.85",4.9,CASH,
08/08/2023 10:42,Uppingham,Kristin Haskins,"Regular Mocha - 2.30, Large Red Label tea - 1.80, Regular Flavoured latte - Hazelnut - 2.55",6.65,CASH,
08/08/2023 10:43,Uppingham,Tina Cannon,Large Mocha - 2.70,2.7,CARD,5207912429401748
08/08/2023 10:44,Uppingham,Irwin Boatright,"Large Flavoured hot chocolate - Vanilla - 2.90, Large Flavoured latte - Caramel - 2.85, Regular Smoothies - Berry Beautiful - 2.00, Large Cortado - 2.35",10.1,CARD,2682874784491602
08/08/2023 10:46,Uppingham,Tina Garcia,"Large Flavoured latte - Hazelnut - 2.85, Large Flavoured latte - Hazelnut - 2.85",5.7,CARD,7962387966413333
08/08/2023 10:47,Uppingham,Roxie Salinas,Regular Speciality Tea - Green - 1.30,1.3,CARD,5773659492159252
08/08/2023 10:48,Uppingham,Darrell Foster,"Large Speciality Tea - Green - 1.60, Large Flavoured hot chocolate - Vanilla - 2.90, Large Cortado - 2.35, Regular Flavoured hot chocolate - Vanilla - 2.60, Regular Flavoured latte - Hazelnut - 2.55, Regular Speciality Tea - Green - 1.30",13.3,CARD,1117506594539895
08/08/2023 10:49,Uppingham,Josephine Goetz,"Large Red Label tea - 1.80, Regular Mocha - 2.30, Regular Speciality Tea - Green - 1.30",5.4,CASH,
08/08/2023 10:51,Uppingham,Tobi Potter,Regular Mocha - 2.30,2.3,CARD,6677205233136832
08/08/2023 10:52,Uppingham,Brittany Collier,"Regular Cortado - 2.05, Regular Hot chocolate - 2.20, Large Speciality Tea - Peppermint - 1.60, Regular Speciality Tea - Peppermint - 1.30, Regular Flavoured latte - Caramel - 2.55",9.7,CARD,9266665729445262
08/08/2023 10:53,Uppingham,Reinaldo Harper,Large Flavoured hot chocolate - Vanilla - 2.90,2.9,CARD,2294649772258756
08/08/2023 10:54,Uppingham,Patrick Narcisse,"Large Speciality Tea - Green - 1.60, Regular Red Label tea - 1.20, Large Flavoured latte - Hazelnut - 2.85",5.65,CARD,1823352647812762
08/08/2023 10:56,Uppingham,Frank Diamond,"Large Flavoured latte - Hazelnut - 2.85, Regular Cortado - 2.05",4.9,CASH,
08/08/2023 10:57,Uppingham,Neil Hill,Large Flavoured latte - Caramel - 2.85,2.85,CARD,8236218373019980
08/08/2023 10:58,Uppingham,Linda Wilson,"Large Red Label tea - 1.80, Large Hot chocolate - 2.90, Regular Cortado - 2.05, Regular Smoothies - Berry Beautiful - 2.00",8.75,CARD,1644672621683240
08/08/2023 10:59,Uppingham,Willie Fanney,"Large Red Label tea - 1.80, Regular Flavoured latte - Hazelnut - 2.55, Large Smoothies - Berry Beautiful - 2.50",6.85,CARD,2500236052826885
08/08/2023 11:01,Uppingham,Rose Morris,"Large Speciality Tea - Peppermint - 1.60, Regular Speciality Tea - Green - 1.30, Large Flavoured latte - Caramel - 2.85, Large Mocha - 2.70",8.45,CARD,2996378397773415
08/08/2023 11:03,Uppingham,Jeff Gonzales,Regular Smoothies - Berry Beautiful - 2.00,2.0,CASH,
08/08/2023 11:05,Uppingham,Corine Brown,Large Smoothies - Berry Beautiful - 2.50,2.5,CARD,1169862743826372
08/08/2023 11:07,Uppingham,Christen Torrence,Regular Flavoured latte - Hazelnut - 2.55,2.55,CARD,9796667279542799
08/08/2023 11:09,Uppingham,Audrey Hyde,"Large Hot chocolate - 2.90, Regular Hot chocolate - 2.20",5.1,CARD,9878657871166404
08/08/2023 11:11,Uppingham,Michael Jones,"Large Mocha - 2.70, Large Flavoured latte - Caramel - 2.85",5.55,CARD,9677259256628988
08/08/2023 11:13,Uppingham,Richard Reynolds,"Large Flavoured hot chocolate - Vanilla - 2.90, Large Cortado - 2.35, Regular Cortado - 2.05, Regular Red Label tea - 1.20",8.5,CARD,5560589077369272
08/08/2023 11:15,Uppingham,Henry Roop,"Regular Flavoured latte - Caramel - 2.55, Large Flavoured latte - Hazelnut - 2.85",5.4,CARD,3454142453909384
08/08/2023 11:17,Uppingham,Laura Stafford,"Large Speciality Tea - Peppermint - 1.60, Large Mocha - 2.70",4.3,CASH,
08/08/2023 11:19,Uppingham,Margaret Libby,"Large Red Label tea - 1.80, Large Mocha - 2.70, Regular Flavoured latte - Caramel - 2.55, Large Speciality Tea - Peppermint - 1.60, Large Hot chocolate - 2.90",11.55,CASH,
08/08/2023 11:21,Uppingham,Esperanza Caldwell,"Regular Speciality Tea - Green - 1.30, Regular Flavoured latte - Caramel - 2.55",3.85,CARD,5904431304466792
08/08/2023 11:23,Uppingham,Rachelle Skelton,"Regular Flavoured latte - Caramel - 2.55, Regular Cortado - 2.05, Regular Flavoured latte - Hazelnut - 2.55, Large Mocha - 2.70, Large Flavoured latte - Hazelnut - 2.85",12.7,CARD,5299942391073877
08/08/2023 11:25,Uppingham,Francis Mcguire,"Large Mocha - 2.70, Large Hot chocolate - 2.90",5.6,CASH,
08/08/2023 11:27,Uppingham,Sadie Russell,Large Red Label tea - 1.80,1.8,CASH,
08/08/2023 11:29,Uppingham,Patrick Dawson,"Large Speciality Tea - Green - 1.60, Large Speciality Tea - Green - 1.60",3.2,CARD,3018577683283537
08/08/2023 11:31,Uppingham,Ida Barreras,"Regular Smoothies - Berry Beautiful - 2.00, Large Speciality Tea - Green - 1.60",3.6,CARD,2910915039344084
08/08/2023 11:33,Uppingham,Beatrice Jacobs,"Regular Hot chocolate - 2.20, Regular Hot chocolate - 2.20, Regular Red Label tea - 1.20",5.6,CARD,6696981197115480
08/08/2023 11:35,Uppingham,Robin Flores,Large Flavoured latte - Hazelnut - 2.85,2.85,CASH,
08/08/2023 11:37,Uppingham,Jose Dominguez,Regular Speciality Tea - Peppermint - 1.30,1.3,CARD,6269914821848775
08/08/2023 11:39,Uppingham,Lucy Winegar,Regular Flavoured latte - Hazelnut - 2.55,2.55,CARD,8718587051938794
08/08/2023 11:41,Uppingham,Bernice Giddins,"Regular Mocha - 2.30, Regular Red Label tea - 1.20, Regular Hot chocolate - 2.20, Regular Mocha - 2.30, Large Mocha - 2.70",10.7,CARD,3255346247458349
08/08/2023 11:43,Uppingham,Jeannette Haynes,"Regular Flavoured latte - Caramel - 2.55, Regular Hot chocolate - 2.20, Large Mocha - 2.70, Regular Cortado - 2.05",9.5,CASH,
08/08/2023 11:45,Uppingham,Nereida Bunnell,Regular Flavoured latte - Hazelnut - 2.55,2.55,CARD,4795853545584388
08/08/2023 11:47,Uppingham,William Mcarthur,"Large Flavoured hot chocolate - Vanilla - 2.90, Large Hot chocolate - 2.90",5.8,CARD,3279522904851849
08/08/2023 11:49,Uppingham,Kenneth Northup,Large Mocha - 2.70,2.7,CASH,
08/08/2023 11:51,Uppingham,Carlota Williams,"Regular Red Label tea - 1.20, Large Flavoured latte - Hazelnut - 2.85, Large Speciality Tea - Peppermint - 1.60",5.65,CASH,
08/08/2023 11:53,Uppingham,Sara Toler,"Regular Flavoured latte - Hazelnut - 2.55, Regular Flavoured latte - Hazelnut - 2.55, Regular Flavoured latte - Caramel - 2.55",7.65,CARD,2134221266682633
08/08/2023 11:55,Uppingham,Amelia Phillips,"Regular Flavoured latte - Hazelnut - 2.55, Large Flavoured latte - Hazelnut - 2.85, Large Hot chocolate - 2.90, Regular Flavoured latte - Caramel - 2.55",10.85,CARD,4005275636570884
08/08/2023 11:57,Uppingham,Shelby Hardin,"Regular Flavoured hot chocolate - Vanilla - 2.60, Large Flavoured hot chocolate - Vanilla - 2.90",5.5,CARD,1443347984456550
08/08/2023 11:59,Uppingham,Curt Leroy,"Large Hot chocolate - 2.90, Regular Flavoured latte - Hazelnut - 2.55, Large Speciality Tea - Green - 1.60",7.05,CARD,8232295345915249
08/08/2023 12:01,Uppingham,Jay Finder,Regular Hot chocolate - 2.20,2.2,CARD,5624383098492257
08/08/2023 12:04,Uppingham,Chester Davis,Regular Cortado - 2.05,2.05,CARD,5717944916967152
08/08/2023 12:07,Uppingham,Eula Coste,"Large Smoothies - Berry Beautiful - 2.50, Large Hot chocolate - 2.90, Large Smoothies - Berry Beautiful - 2.50, Regular Flavoured latte - Hazelnut - 2.55",10.45,CASH,
08/08/2023 12:10,Uppingham,Jose Ganong,"Large Cortado - 2.35, Large Cortado - 2.35, Regular Speciality Tea - Peppermint - 1.30, Regular Speciality Tea - Green - 1.30",7.3,CARD,4289551504389009
08/08/2023 12:13,Uppingham,Rebecca Tucker,"Large Speciality Tea - Peppermint - 1.60, Large Cortado - 2.35",3.95,CARD,5781446706800939
08/08/2023 12:16,Uppingham,Leon Demby,"Large Hot chocolate - 2.90, Large Red Label tea - 1.80, Large Speciality Tea - Green - 1.60, Large Cortado - 2.35, Large Red Label tea - 1.80",10.45,CASH,
08/08/2023 12:19,Uppingham,Julia Brain,"Large Cortado - 2.35, Regular Mocha - 2.30, Regular Speciality Tea - Peppermint - 1.30, Regular Flavoured hot chocolate - Vanilla - 2.60",8.55,CARD,8681393509329930
08/08/2023 12:23,Uppingham,Miguel Laflamme,"Large Red Label tea - 1.80, Regular Mocha - 2.30, Large Speciality Tea - Peppermint - 1.60, Regular Speciality Tea - Green - 1.30",7.0,CARD,1338169237443669
08/08/2023 12:26,Uppingham,Patrick Morris,Regular Mocha - 2.30,2.3,CASH,
08/08/2023 12:29,Uppingham,James Kubin,"Regular Hot chocolate - 2.20, Regular Hot chocolate - 2.20, Regular Speciality Tea - Green - 1.30, Regular Flavoured latte - Caramel - 2.55, Large Speciality Tea - Green - 1.60",9.85,CARD,9370570378605163
08/08/2023 12:32,Uppingham,Cheryl Wallace,"Regular Red Label tea - 1.20, Large Speciality Tea - Green - 1.60",2.8,CARD,2510307763588432
08/08/2023 12:35,Uppingham,Danny Highbaugh,Large Flavoured latte - Caramel - 2.85,2.85,CASH,
08/08/2023 12:38,Uppingham,Dwayne Salgado,"Regular Red Label tea - 1.20, Regular Cortado - 2.05, Regular Red Label tea - 1.20, Regular Cortado - 2.05",6.5,CARD,6041704684791524
08/08/2023 12:41,Uppingham,Melissa Fortson,Large Flavoured latte - Hazelnut - 2.85,2.85,CASH,
08/08/2023 12:45,Uppingham,Marilyn Hooper,"Regular Flavoured hot chocolate - Vanilla - 2.60, Large Flavoured latte - Hazelnut - 2.85, Large Smoothies - Berry Beautiful - 2.50",7.95,CASH,
08/08/2023 12:48,Uppingham,Alvin Meads,"Regular Speciality Tea - Peppermint - 1.30, Large Flavoured latte - Caramel - 2.85",4.15,CASH,
08/08/2023 12:51,Uppingham,Tiffany Stewart,Regular Speciality Tea - Peppermint - 1.30,1.3,CARD,4494746995330478
08/08/2023 12:54,Uppingham,Karen Paul,"Regular Red Label tea - 1.20, Large Speciality Tea - Green - 1.60",2.8,CASH,
08/08/2023 12:57,Uppingham,Eugene Perez,"Regular Red Label tea - 1.20, Regular Flavoured latte - Hazelnut - 2.55, Regular Red Label tea - 1.20, Large Mocha - 2.70",7.65,CASH,
08/08/2023 13:00,Uppingham,Anita Washington,Regular Mocha - 2.30,2.3,CARD,6824224211514748
08/08/2023 13:02,Uppingham,Sabina Rockwell,"Large Flavoured latte - Hazelnut - 2.85, Large Flavoured latte - Caramel - 2.85, Regular Hot chocolate - 2.20",7.9,CARD,8202333578511798
08/08/2023 13:04,Uppingham,Roberto Harris,Large Cortado - 2.35,2.35,CARD,5656448990443752
08/08/2023 13:06,Uppingham,Jean Altschuler,"Large Speciality Tea - Green - 1.60, Large Speciality Tea - Peppermint - 1.60",3.2,CARD,4082816024787370
08/08/2023 13:08,Uppingham,Bobby Collins,"Regular Flavoured latte - Hazelnut - 2.55, Regular Hot chocolate - 2.20, Regular Mocha - 2.30, Large Smoothies - Berry Beautiful - 2.50",9.55,CARD,9107031082730360
08/08/2023 13:10,Uppingham,Theodore Edmond,Regular Flavoured hot chocolate - Vanilla - 2.60,2.6,CASH,
08/08/2023 13:12,Uppingham,James Casey,"Large Flavoured latte - Caramel - 2.85, Regular Cortado - 2.05",4.9,CARD,7925741023176826
08/08/2023 13:13,Uppingham,Dora Crow,"Regular Flavoured hot chocolate - Vanilla - 2.60, Large Smoothies - Berry Beautiful - 2.50, Large Flavoured latte - Hazelnut - 2.85, Regular Flavoured hot chocolate - Vanilla - 2.60, Regular Mocha - 2.30",12.85,CASH,
08/08/2023 13:15,Uppingham,Thomas Borelli,"Large Mocha - 2.70, Regular Red Label tea - 1.20, Large Cortado - 2.35, Regular Flavoured latte - Caramel - 2.55, Regular Speciality Tea - Peppermint - 1.30",10.1,CARD,1973631217989363
08/08/2023 13:17,Uppingham,Eva Sloan,Large Red Label tea - 1.80,1.8,CARD,1881932017350906
08/08/2023 13:19,Uppingham,Roland Yarborough,Large Smoothies - Berry Beautiful - 2.50,2.5,CARD,6533987453636303
08/08/2023 13:21,Uppingham,Robert Smith,Large Speciality Tea - Green - 1.60,1.6,CARD,9020373072342971
08/08/2023 13:23,Uppingham,Patricia Crowley,"Regular Cortado - 2.05, Regular Flavoured latte - Caramel - 2.55, Large Flavoured hot chocolate - Vanilla - 2.90, Regular Flavoured latte - Caramel - 2.55",10.05,CARD,4448468434985419
08/08/2023 13:25,Uppingham,Michael Lichtenfeld,"Regular Cortado - 2.05, Regular Speciality Tea - Green - 1.30, Large Speciality Tea - Peppermint - 1.60, Large Speciality Tea - Peppermint - 1.60",6.55,CARD,5506948211142914
08/08/2023 13:26,Uppingham,Julia Lehr,"Large Red Label tea - 1.80, Regular Red Label tea - 1.20, Large Flavoured hot chocolate - Vanilla - 2.90",5.9,CASH,
08/08/2023 13:28,Uppingham,Rosie Meredith,"Large Hot chocolate - 2.90, Large Mocha - 2.70, Large Red Label tea - 1.80",7.4,CARD,2944290817211052
08/08/2023 13:30,Uppingham,Sheila Hayes,Large Flavoured latte - Caramel - 2.85,2.85,CARD,3376493823830050
08/08/2023 13:32,Uppingham,Neva Caswell,"Large Mocha - 2.70, Large Flavoured latte - Hazelnut - 2.85, Large Cortado - 2.35",7.9,CARD,8215140191133302
08/08/2023 13:34,Uppingham,David Medrano,"Regular Speciality Tea - Green - 1.30, Regular Speciality Tea - Peppermint - 1.30, Regular Flavoured hot chocolate - Vanilla - 2.60",5.2,CARD,2281324836420640
08/08/2023 13:36,Uppingham,Ryan Smith,"Regular Smoothies - Berry Beautiful - 2.00, Regular Flavoured latte - Caramel - 2.55, Regular Cortado - 2.05, Large Hot chocolate - 2.90",9.5,CASH,
08/08/2023 13:38,Uppingham,Cathy Greene,"Large Flavoured hot chocolate - Vanilla - 2.90, Regular Cortado - 2.05, Regular Flavoured latte - Caramel - 2.55",7.5,CASH,
08/08/2023 13:40,Uppingham,Kristina Gates,"Regular Flavoured latte - Hazelnut - 2.55, Regular Flavoured latte - Caramel - 2.55, Large Smoothies - Berry Beautiful - 2.50",7.6,CASH,
08/08/2023 13:41,Uppingham,Jeannette Mundy,"Large Speciality Tea - Peppermint - 1.60, Large Flavoured hot chocolate - Vanilla - 2.90",4.5,CARD,6153913430635551
08/08/2023 13:43,Uppingham,Roger Loh,"Large Flavoured hot chocolate - Vanilla - 2.90, Large Cortado - 2.35, Large Hot chocolate - 2.90, Large Red Label tea - 1.80",9.95,CARD,8652964594492481
08/08/2023 13:45,Uppingham,Brandon Porter,"Regular Hot chocolate - 2.20, Large Speciality Tea - Green - 1.60, Large Speciality Tea - Peppermint - 1.60",5.4,CARD,8623259700259968
08/08/2023 13:47,Uppingham,Michael Reeves,"Large Flavoured latte - Caramel - 2.85, Large Cortado - 2.35",5.2,CARD,7957711398929021
08/08/2023 13:49,Uppingham,Raymond Schneider,Large Mocha - 2.70,2.7,CASH,
08/08/2023 13:51,Uppingham,Lucy Cordray,"Large Flavoured latte - Hazelnut - 2.85, Large Flavoured hot chocolate - Vanilla - 2.90, Large Cortado - 2.35, Large Cortado - 2.35, Large Mocha - 2.70",13.15,CARD,6166712737333150
08/08/2023 13:53,Uppingham,Ronald Mayfield,"Large Red Label tea - 1.80, Regular Hot chocolate - 2.20",4.0,CARD,4459394858869967
08/08/2023 13:54,Uppingham,Carolyn Smith,"Large Hot chocolate - 2.90, Large Cortado - 2.35, Regular Flavoured latte - Hazelnut - 2.55, Large Mocha - 2.70",10.5,CASH,
08/08/2023 13:56,Uppingham,Abby Ray,"Large Speciality Tea - Green - 1.60, Regular Speciality Tea - Green - 1.30, Regular Mocha - 2.30, Large Red Label tea - 1.80, Large Speciality Tea - Peppermint - 1.60, Large Hot chocolate - 2.90",11.5,CARD,3216741852539048
08/08/2023 13:58,Uppingham,Robert Wilson,"Regular Smoothies - Berry Beautiful - 2.00, Regular Speciality Tea - Green - 1.30, Regular Speciality Tea - Green - 1.30",4.6,CARD,2058438733002696
08/08/2023 14:00,Uppingham,Eric Obrien,"Regular Speciality Tea - Peppermint - 1.30, Regular Red Label tea - 1.20, Regular Speciality Tea - Peppermint - 1.30, Regular Mocha - 2.30, Regular Cortado - 2.05, Large Red Label tea - 1.80",9.95,CASH,
08/08/2023 14:03,Uppingham,Ray Edwards,Large Cortado - 2.35,2.35,CASH,
08/08/2023 14:07,Uppingham,Dale Ehrgott,"Large Red Label tea - 1.80, Regular Red Label tea - 1.20, Regular Flavoured latte - Caramel - 2.55",5.55,CASH,
08/08/2023 14:10,Uppingham,Warren Eyler,"Large Flavoured latte - Caramel - 2.85, Regular Flavoured hot chocolate - Vanilla - 2.60, Regular Speciality Tea - Green - 1.30",6.75,CARD,6546608572449153
08/08/2023 14:13,Uppingham,Tony Ashley,Large Speciality Tea - Green - 1.60,1.6,CARD,2601741973668199
08/08/2023 14:17,Uppingham,Joseph Morrison,"Regular Flavoured latte - Caramel - 2.55, Regular Hot chocolate - 2.20, Regular Mocha - 2.30, Regular Flavoured hot chocolate - Vanilla - 2.60",9.65,CARD,8178168080089989
08/08/2023 14:20,Uppingham,Jessie Thompson,"Large Cortado - 2.35, Large Speciality Tea - Peppermint - 1.60, Regular Hot chocolate - 2.20",6.15,CARD,7017134177691420
08/08/2023 14:23,Uppingham,Robert Bennett,"Regular Hot chocolate - 2.20, Large Mocha - 2.70, Regular Hot chocolate - 2.20, Regular Hot chocolate - 2.20",9.3,CARD,7726272304269568
08/08/2023 14:27,Uppingham,John Hayes,"Large Cortado - 2.35, Large Speciality Tea - Green - 1.60",3.95,CARD,2624950837944638
08/08/2023 14:30,Uppingham,Jaime Batchelor,"Large Smoothies - Berry Beautiful - 2.50, Large Hot chocolate - 2.90, Large Flavoured latte - Caramel - 2.85",8.25,CARD,4411987511381017
08/08/2023 14:33,Uppingham,Gladys Olander,"Large Smoothies - Berry Beautiful - 2.50, Regular Speciality Tea - Peppermint - 1.30",3.8,CARD,3591126835420712
08/08/2023 14:37,Uppingham,Albert Clemans,Regular Flavoured latte - Hazelnut - 2.55,2.55,CARD,8011734005075399
08/08/2023 14:40,Uppingham,Angela Weaver,Large Smoothies - Berry Beautiful - 2.50,2.5,CARD,9871427136729307
08/08/2023 14:43,Uppingham,Diann Carballo,"Regular Speciality Tea - Green - 1.30, Large Flavoured latte - Caramel - 2.85, Regular Flavoured hot chocolate - Vanilla - 2.60, Regular Speciality Tea - Green - 1.30, Large Smoothies - Berry Beautiful - 2.50",10.55,CARD,1501866534620370
08/08/2023 14:47,Uppingham,Howard Bateman,"Regular Flavoured latte - Caramel - 2.55, Regular Flavoured latte - Hazelnut - 2.55",5.1,CASH,
08/08/2023 14:50,Uppingham,Barbara Gant,"Large Mocha - 2.70, Regular Speciality Tea - Peppermint - 1.30, Regular Hot chocolate - 2.20",6.2,CARD,5610790632656642
08/08/2023 14:53,Uppingham,Bruce Sapienza,"Large Hot chocolate - 2.90, Large Mocha - 2.70",5.6,CASH,
08/08/2023 14:57,Uppingham,Travis Irby,Large Red Label tea - 1.80,1.8,CARD,8621953115979648
08/08/2023 15:00,Uppingham,Eliana Schachter,"Regular Red Label tea - 1.20, Large Red Label tea - 1.80",3.0,CARD,6966412097446838
08/08/2023 15:03,Uppingham,Richard Lassiter,"Large Smoothies - Berry Beautiful - 2.50, Regular Red Label tea - 1.20, Large Speciality Tea - Green - 1.60",5.3,CARD,7502252178677596
08/08/2023 15:07,Uppingham,Barbara Ramirez,"Large Mocha - 2.70, Large Hot chocolate - 2.90, Large Flavoured latte - Hazelnut - 2.85",8.45,CASH,
08/08/2023 15:10,Uppingham,Michael Chiodi,"Regular Hot chocolate - 2.20, Large Mocha - 2.70, Regular Hot chocolate - 2.20, Regular Flavoured latte - Hazelnut - 2.55",9.65,CARD,7353431020638428
08/08/2023 15:13,Uppingham,Edna Macias,"Regular Flavoured latte - Hazelnut - 2.55, Regular Red Label tea - 1.20, Large Flavoured latte - Caramel - 2.85, Regular Flavoured latte - Hazelnut - 2.55",9.15,CARD,7302804401433234
08/08/2023 15:17,Uppingham,Marcia Carlow,"Regular Flavoured latte - Hazelnut - 2.55, Large Red Label tea - 1.80",4.35,CASH,
08/08/2023 15:20,Uppingham,Amy Wood,"Regular Flavoured hot chocolate - Vanilla - 2.60, Regular Speciality Tea - Peppermint - 1.30",3.9,CARD,7529419393452327
08/08/2023 15:23,Uppingham,William Mosley,"Large Flavoured latte - Caramel - 2.85, Regular Cortado - 2.05, Large Hot chocolate - 2.90",7.8,CARD,9242245254842008
08/08/2023 15:27,Uppingham,Bonnie Johnson,"Large Flavoured latte - Caramel - 2.85, Large Speciality Tea - Green - 1.60, Large Red Label tea - 1.80, Large Flavoured latte - Hazelnut - 2.85",9.1,CARD,6976430423675925
08/08/2023 15:30,Uppingham,Michael Williams,"Regular Smoothies - Berry Beautiful - 2.00, Regular Flavoured hot chocolate - Vanilla - 2.60, Large Speciality Tea - Green - 1.60",6.2,CASH,
08/08/2023 15:33,Uppingham,Edward Martinson,Regular Mocha - 2.30,2.3,CARD,4688132516812333
08/08/2023 15:37,Uppingham,Michael Paoli,"Regular Speciality Tea - Green - 1.30, Large Red Label tea - 1.80, Regular Cortado - 2.05, Large Mocha - 2.70",7.85,CASH,
08/08/2023 15:40,Uppingham,Jason Kellum,"Large Speciality Tea - Peppermint - 1.60, Large Flavoured hot chocolate - Vanilla - 2.90",4.5,CARD,5911368485685724
08/08/2023 15:43,Uppingham,Oswaldo Taylor,"Large Flavoured latte - Hazelnut - 2.85, Large Flavoured latte - Hazelnut - 2.85, Large Flavoured hot chocolate - Vanilla - 2.90",8.6,CASH,
08/08/2023 15:47,Uppingham,Adam Johnson,Large Speciality Tea - Green - 1.60,1.6,CARD,7199196134551231
08/08/2023 15:50,Uppingham,Bertha Zalenski,"Regular Red Label tea - 1.20, Large Speciality Tea - Green - 1.60, Regular Speciality Tea - Peppermint - 1.30, Large Speciality Tea - Peppermint - 1.60, Large Red Label tea - 1.80",7.5,CARD,3236124079186006
08/08/2023 15:53,Uppingham,Catherine Lane,"Large Flavoured latte - Caramel - 2.85, Large Red Label tea - 1.80, Regular Hot chocolate - 2.20",6.85,CARD,7707243245915884
08/08/2023 15:57,Uppingham,Judy Stock,"Large Cortado - 2.35, Large Speciality Tea - Green - 1.60",3.95,CASH,
08/08/2023 16:00,Uppingham,Mary Chandler,"Regular Hot chocolate - 2.20, Large Mocha - 2.70, Regular Speciality Tea - Peppermint - 1.30, Regular Cortado - 2.05, Large Flavoured latte - Hazelnut - 2.85",11.1,CARD,5717278568141973
08/08/2023 16:02,Uppingham,Samuel Kuehn,"Large Mocha - 2.70, Regular Flavoured latte - Caramel - 2.55, Large Mocha - 2.70",7.95,CASH,
08/08/2023 16:04,Uppingham,Jean Benck,"Regular Smoothies - Berry Beautiful - 2.00, Large Mocha - 2.70, Regular Flavoured hot chocolate - Vanilla - 2.60, Regular Flavoured hot chocolate - Vanilla - 2.60",9.9,CARD,7485003226383094
08/08/2023 16:05,Uppingham,Lena Mcclure,"Large Flavoured latte - Caramel - 2.85, Large Mocha - 2.70, Large Hot chocolate - 2.90",8.45,CASH,
08/08/2023 16:07,Uppingham,Charles Teel,Regular Mocha - 2.30,2.3,CARD,8559562849127284
08/08/2023 16:09,Uppingham,Sam Bara,"Regular Speciality Tea - Green - 1.30, Large Cortado - 2.35, Large Cortado - 2.35",6.0,CARD,4860323099942571
08/08/2023 16:11,Uppingham,Jasper Beltran,"Large Flavoured latte - Caramel - 2.85, Large Cortado - 2.35, Regular Flavoured latte - Caramel - 2.55",7.75,CARD,1986250960365244
08/08/2023 16:12,Uppingham,Deirdre Jones,Regular Speciality Tea - Peppermint - 1.30,1.3,CARD,4727595565259793
08/08/2023 16:14,Uppingham,Evelyn Hill,"Large Speciality Tea - Peppermint - 1.60, Large Flavoured hot chocolate - Vanilla - 2.90",4.5,CASH,
08/08/2023 16:16,Uppingham,Mary Pilkinton,"Regular Flavoured hot chocolate - Vanilla - 2.60, Large Flavoured latte - Caramel - 2.85, Large Flavoured latte - Caramel - 2.85",8.3,CARD,4963838949563476
08/08/2023 16:18,Uppingham,Christopher Mesiti,"Large Mocha - 2.70, Large Smoothies - Berry Beautiful - 2.50, Regular Cortado - 2.05, Large Speciality Tea - Green - 1.60",8.85,CARD,6854042627887651
08/08/2023 16:19,Uppingham,Anita Rogers,"Regular Speciality Tea - Green - 1.30, Regular Mocha - 2.30, Regular Red Label tea - 1.20, Large Speciality Tea - Peppermint - 1.60, Large Cortado - 2.35",8.75,CARD,4607462489217106
08/08/2023 16:21,Uppingham,Roberta Edwards,"Regular Red Label tea - 1.20, Large Flavoured latte - Caramel - 2.85, Regular Flavoured latte - Hazelnut - 2.55, Regular Flavoured hot chocolate - Vanilla - 2.60, Regular Hot chocolate - 2.20, Large Mocha - 2.70",14.1,CASH,
08/08/2023 16:23,Uppingham,Julie Langley,"Large Speciality Tea - Peppermint - 1.60, Regular Mocha - 2.30, Large Flavoured latte - Hazelnut - 2.85, Regular Cortado - 2.05",8.8,CASH,
08/08/2023 16:25,Uppingham,Cody Bubar,"Regular Cortado - 2.05, Large Speciality Tea - Green - 1.60",3.65,CARD,8394730487289270
08/08/2023 16:26,Uppingham,Mary Barnes,"Large Flavoured latte - Caramel - 2.85, Large Smoothies - Berry Beautiful - 2.50, Large Smoothies - Berry Beautiful - 2.50, Large Flavoured latte - Caramel - 2.85, Regular Speciality Tea - Green - 1.30",12.0,CARD,3638841786434406
08/08/2023 16:28,Uppingham,Tanya Mccourt,"Large Mocha - 2.70, Large Flavoured latte - Hazelnut - 2.85, Regular Speciality Tea - Peppermint - 1.30",6.85,CARD,4450116541028290
08/08/2023 16:30,Uppingham,Geraldine Griffitts,"Large Speciality Tea - Green - 1.60, Large Red Label tea - 1.80, Large Cortado - 2.35",5.75,CARD,3947259340617730
08/08/2023 16:32,Uppingham,Betty Francis,"Regular Flavoured latte - Caramel - 2.55, Regular Speciality Tea - Green - 1.30, Regular Mocha - 2.30, Large Red Label tea - 1.80",7.95,CARD,3153980807180349
08/08/2023 16:33,Uppingham,Tony Vides,"Large Red Label tea - 1.80, Regular Red Label tea - 1.20, Large Flavoured latte - Caramel - 2.85, Regular Flavoured hot chocolate - Vanilla - 2.60, Regular Flavoured hot chocolate - Vanilla - 2.60, Large Speciality Tea - Green - 1.60",12.65,CARD,3392862374488023
08/08/2023 16:35,Uppingham,Kristin Wiggins,"Large Cortado - 2.35, Large Red Label tea - 1.80, Regular Flavoured hot chocolate - Vanilla - 2.60, Large Hot chocolate - 2.90",9.65,CASH,
08/08/2023 16:37,Uppingham,Neil Batiste,Regular Flavoured latte - Hazelnut - 2.55,2.55,CASH,
08/08/2023 16:39,Uppingham,Janna Dickey,Regular Mocha - 2.30,2.3,CASH,
08/08/2023 16:40,Uppingham,Laurie Mckoy,Regular Smoothies - Berry Beautiful - 2.00,2.0,CARD,9981001364762364
08/08/2023 16:42,Uppingham,Lisa Shaw,"Regular Flavoured latte - Hazelnut - 2.55, Regular Red Label tea - 1.20, Large Hot chocolate - 2.90, Large Flavoured latte - Caramel - 2.85",9.5,CARD,3639851151686692
08/08/2023 16:44,Uppingham,Theresa Castro,"Regular Red Label tea - 1.20, Large Flavoured hot chocolate - Vanilla - 2.90",4.1,CARD,1208845155169149
08/08/2023 16:46,Uppingham,Glenda Avila,Large Smoothies - Berry Beautiful - 2.50,2.5,CARD,6611323692250782
08/08/2023 16:48,Uppingham,Zoraida Sutton,"Regular Flavoured latte - Hazelnut - 2.55, Regular Mocha - 2.30, Regular Speciality Tea - Peppermint - 1.30",6.15,CARD,6503629923492215
08/08/2023 16:49,Uppingham,Randy Silverman,"Regular Flavoured latte - Caramel - 2.55, Large Flavoured hot chocolate - Vanilla - 2.90, Large Flavoured hot chocolate - Vanilla - 2.90, Regular Speciality Tea - Green - 1.30",9.65,CASH,
08/08/2023 16:51,Uppingham,Debra Banks,Large Flavoured latte - Hazelnut - 2.85,2.85,CASH,
08/08/2023 16:53,Uppingham,Donna Jolly,Large Red Label tea - 1.80,1.8,CARD,1567387369984165
08/08/2023 16:55,Uppingham,Lawrence Gaskins,"Large Red Label tea - 1.80, Large Speciality Tea - Green - 1.60, Large Smoothies - Berry Beautiful - 2.50, Regular Flavoured hot chocolate - Vanilla - 2.60, Regular Cortado - 2.05",10.55,CARD,9930761379954831
08/08/2023 16:56,Uppingham,Ronald Kamphoefner,"Regular Speciality Tea - Peppermint - 1.30, Regular Speciality Tea - Green - 1.30",2.6,CARD,3732170679081209
08/08/2023 16:58,Uppingham,Ellen Stein,Regular Speciality Tea - Green - 1.30,1.3,CARD,2786260352276009
